"z[1,7]",1.0
"z[175,7]",1.0
"z[178,7]",1.0
"z[184,7]",1.0
"z[185,7]",1.0
"z[186,7]",1.0
"z[213,7]",1.0
"z[221,7]",1.0
"z[225,7]",1.0
"z[227,7]",1.0
"z[228,7]",1.0
"z[236,7]",1.0
"z[242,7]",1.0
"z[247,7]",1.0
"z[252,7]",1.0
"z[259,7]",1.0
"z[268,7]",1.0
"z[274,7]",1.0
"z[279,7]",1.0
"z[289,7]",1.0
"z[307,7]",1.0
"z[310,7]",1.0
"z[316,7]",1.0
"z[335,7]",1.0
"z[378,7]",1.0
"z[401,7]",1.0
"z[426,7]",1.0
"z[437,7]",1.0
"z[471,7]",1.0
"z[489,7]",1.0
"z[494,7]",1.0
"z[562,7]",1.0
"z[616,7]",1.0
"z[680,7]",1.0
"z[683,7]",1.0
"z[695,7]",1.0
"z[729,7]",1.0
"z[748,7]",1.0
"z[797,7]",1.0
"z[852,7]",1.0
"z[854,7]",1.0
"z[885,7]",1.0
"z[890,7]",1.0
"z[976,7]",1.0
"z[991,7]",1.0
"z[1055,7]",1.0
"z[1107,7]",1.0
"z[1155,7]",1.0
"z[1168,7]",1.0
"z[1176,7]",1.0
"z[1244,7]",1.0
"z[1651,7]",1.0
"z[1670,7]",1.0
"z[1687,7]",1.0
"z[1738,7]",1.0
"z[1909,7]",1.0
"z[1915,7]",1.0
"z[2184,7]",1.0
"z[2205,7]",1.0
"z[2246,7]",1.0
"z[2393,7]",1.0
"z[2513,7]",1.0
"z[2567,7]",1.0
"z[2604,7]",1.0
"z[2605,7]",1.0
"z[2686,7]",1.0
"z[2694,7]",1.0
"z[2765,7]",1.0
"z[2832,7]",1.0
"z[2909,7]",1.0
"z[2999,7]",1.0
"z[3002,7]",1.0
"z[3003,7]",1.0
"z[2,2]",1.0
"z[8,2]",1.0
"z[19,2]",1.0
"z[23,2]",1.0
"z[37,2]",1.0
"z[43,2]",1.0
"z[460,2]",1.0
"z[480,2]",1.0
"z[506,2]",1.0
"z[679,2]",1.0
"z[721,2]",1.0
"z[810,2]",1.0
"z[896,2]",1.0
"z[913,2]",1.0
"z[1002,2]",1.0
"z[1093,2]",1.0
"z[1135,2]",1.0
"z[1137,2]",1.0
"z[1345,2]",1.0
"z[1834,2]",1.0
"z[2300,2]",1.0
"z[3,9]",1.0
"z[18,9]",1.0
"z[173,9]",1.0
"z[197,9]",1.0
"z[219,9]",1.0
"z[406,9]",1.0
"z[452,9]",1.0
"z[577,9]",1.0
"z[1243,9]",1.0
"z[1475,9]",1.0
"z[1588,9]",1.0
"z[1610,9]",1.0
"z[1674,9]",1.0
"z[1823,9]",1.0
"z[2119,9]",1.0
"z[2208,9]",1.0
"z[2537,9]",1.0
"z[2551,9]",1.0
"z[2578,9]",1.0
"z[2717,9]",1.0
"z[3125,9]",1.0
"z[4,1]",1.0
"z[929,1]",1.0
"z[2643,1]",1.0
"z[5,6]",1.0
"z[12,6]",1.0
"z[59,6]",1.0
"z[713,6]",1.0
"z[741,6]",1.0
"z[770,6]",1.0
"z[772,6]",1.0
"z[788,6]",1.0
"z[1030,6]",1.0
"z[1319,6]",1.0
"z[1632,6]",1.0
"z[1655,6]",1.0
"z[1703,6]",1.0
"z[1786,6]",1.0
"z[1891,6]",1.0
"z[1930,6]",1.0
"z[2316,6]",1.0
"z[2341,6]",1.0
"z[2431,6]",1.0
"z[2575,6]",1.0
"z[2579,6]",1.0
"z[2657,6]",1.0
"z[2837,6]",1.0
"z[2998,6]",1.0
"z[7,2]",1.0
"z[884,2]",1.0
"z[949,2]",1.0
"z[1064,2]",1.0
"z[1343,2]",1.0
"z[1748,2]",1.0
"z[2032,2]",1.0
"z[9,1]",1.0
"z[36,1]",1.0
"z[83,1]",1.0
"z[127,1]",1.0
"z[128,1]",1.0
"z[147,1]",1.0
"z[148,1]",1.0
"z[152,1]",1.0
"z[158,1]",1.0
"z[349,1]",1.0
"z[358,1]",1.0
"z[370,1]",1.0
"z[440,1]",1.0
"z[457,1]",1.0
"z[496,1]",1.0
"z[499,1]",1.0
"z[500,1]",1.0
"z[529,1]",1.0
"z[593,1]",1.0
"z[684,1]",1.0
"z[838,1]",1.0
"z[843,1]",1.0
"z[892,1]",1.0
"z[950,1]",1.0
"z[966,1]",1.0
"z[1087,1]",1.0
"z[1142,1]",1.0
"z[1179,1]",1.0
"z[1186,1]",1.0
"z[1193,1]",1.0
"z[1332,1]",1.0
"z[1398,1]",1.0
"z[1411,1]",1.0
"z[1426,1]",1.0
"z[1444,1]",1.0
"z[1503,1]",1.0
"z[1854,1]",1.0
"z[1860,1]",1.0
"z[1873,1]",1.0
"z[1874,1]",1.0
"z[1970,1]",1.0
"z[1985,1]",1.0
"z[2011,1]",1.0
"z[2076,1]",1.0
"z[2112,1]",1.0
"z[2140,1]",1.0
"z[2405,1]",1.0
"z[2459,1]",1.0
"z[2576,1]",1.0
"z[2582,1]",1.0
"z[2702,1]",1.0
"z[2713,1]",1.0
"z[2769,1]",1.0
"z[3104,1]",1.0
"z[3109,1]",1.0
"z[10,10]",1.0
"z[14,10]",1.0
"z[103,10]",1.0
"z[205,10]",1.0
"z[223,10]",1.0
"z[446,10]",1.0
"z[732,10]",1.0
"z[844,10]",1.0
"z[874,10]",1.0
"z[916,10]",1.0
"z[954,10]",1.0
"z[967,10]",1.0
"z[968,10]",1.0
"z[1008,10]",1.0
"z[1079,10]",1.0
"z[1288,10]",1.0
"z[1296,10]",1.0
"z[1318,10]",1.0
"z[1327,10]",1.0
"z[1328,10]",1.0
"z[1352,10]",1.0
"z[1363,10]",1.0
"z[1364,10]",1.0
"z[1386,10]",1.0
"z[1599,10]",1.0
"z[1642,10]",1.0
"z[1789,10]",1.0
"z[1793,10]",1.0
"z[1870,10]",1.0
"z[1894,10]",1.0
"z[2228,10]",1.0
"z[2274,10]",1.0
"z[2318,10]",1.0
"z[2449,10]",1.0
"z[2571,10]",1.0
"z[2593,10]",1.0
"z[2670,10]",1.0
"z[2695,10]",1.0
"z[2945,10]",1.0
"z[11,10]",1.0
"z[141,10]",1.0
"z[190,10]",1.0
"z[206,10]",1.0
"z[231,10]",1.0
"z[821,10]",1.0
"z[835,10]",1.0
"z[836,10]",1.0
"z[886,10]",1.0
"z[911,10]",1.0
"z[941,10]",1.0
"z[1131,10]",1.0
"z[1132,10]",1.0
"z[1251,10]",1.0
"z[1295,10]",1.0
"z[1522,10]",1.0
"z[1976,10]",1.0
"z[2209,10]",1.0
"z[2532,10]",1.0
"z[2544,10]",1.0
"z[2602,10]",1.0
"z[2725,10]",1.0
"z[2774,10]",1.0
"z[2879,10]",1.0
"z[13,3]",1.0
"z[16,2]",1.0
"z[20,2]",1.0
"z[64,2]",1.0
"z[573,2]",1.0
"z[707,2]",1.0
"z[803,2]",1.0
"z[812,2]",1.0
"z[826,2]",1.0
"z[849,2]",1.0
"z[858,2]",1.0
"z[958,2]",1.0
"z[984,2]",1.0
"z[1150,2]",1.0
"z[1223,2]",1.0
"z[1532,2]",1.0
"z[1561,2]",1.0
"z[1729,2]",1.0
"z[1904,2]",1.0
"z[2293,2]",1.0
"z[2420,2]",1.0
"z[2446,2]",1.0
"z[2448,2]",1.0
"z[2458,2]",1.0
"z[2515,2]",1.0
"z[2794,2]",1.0
"z[3018,2]",1.0
"z[17,4]",1.0
"z[137,4]",1.0
"z[353,4]",1.0
"z[359,4]",1.0
"z[450,4]",1.0
"z[510,4]",1.0
"z[585,4]",1.0
"z[733,4]",1.0
"z[806,4]",1.0
"z[829,4]",1.0
"z[869,4]",1.0
"z[918,4]",1.0
"z[919,4]",1.0
"z[920,4]",1.0
"z[934,4]",1.0
"z[981,4]",1.0
"z[1017,4]",1.0
"z[1041,4]",1.0
"z[1278,4]",1.0
"z[1283,4]",1.0
"z[1385,4]",1.0
"z[1487,4]",1.0
"z[1499,4]",1.0
"z[1542,4]",1.0
"z[1572,4]",1.0
"z[1594,4]",1.0
"z[1622,4]",1.0
"z[1667,4]",1.0
"z[1710,4]",1.0
"z[1825,4]",1.0
"z[1846,4]",1.0
"z[1936,4]",1.0
"z[1975,4]",1.0
"z[1983,4]",1.0
"z[2048,4]",1.0
"z[2136,4]",1.0
"z[2260,4]",1.0
"z[2361,4]",1.0
"z[2463,4]",1.0
"z[2533,4]",1.0
"z[2693,4]",1.0
"z[2870,4]",1.0
"z[2899,4]",1.0
"z[2962,4]",1.0
"z[2966,4]",1.0
"z[3023,4]",1.0
"z[3024,4]",1.0
"z[3050,4]",1.0
"z[21,3]",1.0
"z[125,3]",1.0
"z[351,3]",1.0
"z[386,3]",1.0
"z[554,3]",1.0
"z[607,3]",1.0
"z[608,3]",1.0
"z[626,3]",1.0
"z[650,3]",1.0
"z[718,3]",1.0
"z[833,3]",1.0
"z[846,3]",1.0
"z[1029,3]",1.0
"z[1039,3]",1.0
"z[1416,3]",1.0
"z[1515,3]",1.0
"z[1788,3]",1.0
"z[1899,3]",1.0
"z[2106,3]",1.0
"z[2552,3]",1.0
"z[2707,3]",1.0
"z[2842,3]",1.0
"z[2953,3]",1.0
"z[22,3]",1.0
"z[397,3]",1.0
"z[485,3]",1.0
"z[648,3]",1.0
"z[663,3]",1.0
"z[701,3]",1.0
"z[769,3]",1.0
"z[873,3]",1.0
"z[1676,3]",1.0
"z[1810,3]",1.0
"z[1815,3]",1.0
"z[1827,3]",1.0
"z[1845,3]",1.0
"z[1926,3]",1.0
"z[1967,3]",1.0
"z[2169,3]",1.0
"z[2174,3]",1.0
"z[2218,3]",1.0
"z[2220,3]",1.0
"z[2273,3]",1.0
"z[2277,3]",1.0
"z[2342,3]",1.0
"z[2434,3]",1.0
"z[2445,3]",1.0
"z[2450,3]",1.0
"z[2573,3]",1.0
"z[2583,3]",1.0
"z[2748,3]",1.0
"z[2786,3]",1.0
"z[2834,3]",1.0
"z[2912,3]",1.0
"z[24,2]",1.0
"z[467,2]",1.0
"z[491,2]",1.0
"z[1051,2]",1.0
"z[2197,2]",1.0
"z[2854,2]",1.0
"z[25,6]",1.0
"z[693,6]",1.0
"z[717,6]",1.0
"z[765,6]",1.0
"z[793,6]",1.0
"z[1373,6]",1.0
"z[1508,6]",1.0
"z[1677,6]",1.0
"z[1725,6]",1.0
"z[2037,6]",1.0
"z[2074,6]",1.0
"z[2345,6]",1.0
"z[2413,6]",1.0
"z[2761,6]",1.0
"z[3113,6]",1.0
"z[27,3]",1.0
"z[52,3]",1.0
"z[75,3]",1.0
"z[145,3]",1.0
"z[454,3]",1.0
"z[464,3]",1.0
"z[479,3]",1.0
"z[497,3]",1.0
"z[509,3]",1.0
"z[511,3]",1.0
"z[594,3]",1.0
"z[654,3]",1.0
"z[655,3]",1.0
"z[658,3]",1.0
"z[730,3]",1.0
"z[760,3]",1.0
"z[809,3]",1.0
"z[831,3]",1.0
"z[851,3]",1.0
"z[882,3]",1.0
"z[883,3]",1.0
"z[932,3]",1.0
"z[1190,3]",1.0
"z[1201,3]",1.0
"z[1202,3]",1.0
"z[1203,3]",1.0
"z[1284,3]",1.0
"z[1329,3]",1.0
"z[1347,3]",1.0
"z[1519,3]",1.0
"z[1576,3]",1.0
"z[1611,3]",1.0
"z[1625,3]",1.0
"z[1743,3]",1.0
"z[1841,3]",1.0
"z[2042,3]",1.0
"z[2064,3]",1.0
"z[2109,3]",1.0
"z[2354,3]",1.0
"z[2893,3]",1.0
"z[3054,3]",1.0
"z[28,3]",1.0
"z[79,3]",1.0
"z[140,3]",1.0
"z[159,3]",1.0
"z[176,3]",1.0
"z[319,3]",1.0
"z[321,3]",1.0
"z[328,3]",1.0
"z[343,3]",1.0
"z[345,3]",1.0
"z[347,3]",1.0
"z[449,3]",1.0
"z[451,3]",1.0
"z[518,3]",1.0
"z[555,3]",1.0
"z[705,3]",1.0
"z[1075,3]",1.0
"z[1238,3]",1.0
"z[1397,3]",1.0
"z[1547,3]",1.0
"z[1562,3]",1.0
"z[1666,3]",1.0
"z[1792,3]",1.0
"z[1831,3]",1.0
"z[2226,3]",1.0
"z[2263,3]",1.0
"z[2409,3]",1.0
"z[2607,3]",1.0
"z[2887,3]",1.0
"z[2905,3]",1.0
"z[2939,3]",1.0
"z[2944,3]",1.0
"z[3033,3]",1.0
"z[3075,3]",1.0
"z[3102,3]",1.0
"z[29,9]",1.0
"z[38,9]",1.0
"z[181,9]",1.0
"z[189,9]",1.0
"z[200,9]",1.0
"z[218,9]",1.0
"z[256,9]",1.0
"z[262,9]",1.0
"z[315,9]",1.0
"z[478,9]",1.0
"z[482,9]",1.0
"z[596,9]",1.0
"z[857,9]",1.0
"z[1256,9]",1.0
"z[1262,9]",1.0
"z[1358,9]",1.0
"z[1491,9]",1.0
"z[1513,9]",1.0
"z[1830,9]",1.0
"z[2062,9]",1.0
"z[2063,9]",1.0
"z[2290,9]",1.0
"z[2528,9]",1.0
"z[2658,9]",1.0
"z[2697,9]",1.0
"z[31,1]",1.0
"z[41,1]",1.0
"z[62,1]",1.0
"z[67,1]",1.0
"z[122,1]",1.0
"z[161,1]",1.0
"z[342,1]",1.0
"z[348,1]",1.0
"z[427,1]",1.0
"z[534,1]",1.0
"z[539,1]",1.0
"z[567,1]",1.0
"z[572,1]",1.0
"z[597,1]",1.0
"z[624,1]",1.0
"z[864,1]",1.0
"z[898,1]",1.0
"z[899,1]",1.0
"z[901,1]",1.0
"z[942,1]",1.0
"z[957,1]",1.0
"z[962,1]",1.0
"z[972,1]",1.0
"z[1124,1]",1.0
"z[1191,1]",1.0
"z[1195,1]",1.0
"z[1196,1]",1.0
"z[1207,1]",1.0
"z[1209,1]",1.0
"z[1236,1]",1.0
"z[1246,1]",1.0
"z[1273,1]",1.0
"z[1298,1]",1.0
"z[1321,1]",1.0
"z[1359,1]",1.0
"z[1399,1]",1.0
"z[1400,1]",1.0
"z[1402,1]",1.0
"z[1429,1]",1.0
"z[1466,1]",1.0
"z[1484,1]",1.0
"z[1498,1]",1.0
"z[1549,1]",1.0
"z[1554,1]",1.0
"z[1559,1]",1.0
"z[1590,1]",1.0
"z[1634,1]",1.0
"z[1647,1]",1.0
"z[1656,1]",1.0
"z[1720,1]",1.0
"z[1805,1]",1.0
"z[1932,1]",1.0
"z[1991,1]",1.0
"z[1994,1]",1.0
"z[2010,1]",1.0
"z[2069,1]",1.0
"z[2131,1]",1.0
"z[2194,1]",1.0
"z[2268,1]",1.0
"z[2294,1]",1.0
"z[2383,1]",1.0
"z[2394,1]",1.0
"z[2584,1]",1.0
"z[2600,1]",1.0
"z[2680,1]",1.0
"z[2746,1]",1.0
"z[2775,1]",1.0
"z[2776,1]",1.0
"z[2911,1]",1.0
"z[2956,1]",1.0
"z[32,8]",1.0
"z[168,8]",1.0
"z[188,8]",1.0
"z[196,8]",1.0
"z[198,8]",1.0
"z[199,8]",1.0
"z[208,8]",1.0
"z[267,8]",1.0
"z[297,8]",1.0
"z[376,8]",1.0
"z[417,8]",1.0
"z[435,8]",1.0
"z[515,8]",1.0
"z[537,8]",1.0
"z[544,8]",1.0
"z[575,8]",1.0
"z[735,8]",1.0
"z[750,8]",1.0
"z[863,8]",1.0
"z[1015,8]",1.0
"z[1534,8]",1.0
"z[1543,8]",1.0
"z[1579,8]",1.0
"z[1653,8]",1.0
"z[1753,8]",1.0
"z[1839,8]",1.0
"z[1902,8]",1.0
"z[1972,8]",1.0
"z[2126,8]",1.0
"z[2460,8]",1.0
"z[3115,8]",1.0
"z[33,4]",1.0
"z[69,4]",1.0
"z[76,4]",1.0
"z[91,4]",1.0
"z[108,4]",1.0
"z[162,4]",1.0
"z[356,4]",1.0
"z[361,4]",1.0
"z[421,4]",1.0
"z[422,4]",1.0
"z[495,4]",1.0
"z[519,4]",1.0
"z[619,4]",1.0
"z[652,4]",1.0
"z[889,4]",1.0
"z[1004,4]",1.0
"z[1005,4]",1.0
"z[1082,4]",1.0
"z[1091,4]",1.0
"z[1104,4]",1.0
"z[1141,4]",1.0
"z[1467,4]",1.0
"z[1476,4]",1.0
"z[1548,4]",1.0
"z[1644,4]",1.0
"z[1737,4]",1.0
"z[1790,4]",1.0
"z[1807,4]",1.0
"z[1925,4]",1.0
"z[2075,4]",1.0
"z[2077,4]",1.0
"z[2078,4]",1.0
"z[2137,4]",1.0
"z[2219,4]",1.0
"z[2249,4]",1.0
"z[2250,4]",1.0
"z[2280,4]",1.0
"z[2339,4]",1.0
"z[2397,4]",1.0
"z[2478,4]",1.0
"z[2516,4]",1.0
"z[2564,4]",1.0
"z[2646,4]",1.0
"z[2756,4]",1.0
"z[2777,4]",1.0
"z[3086,4]",1.0
"z[34,3]",1.0
"z[51,3]",1.0
"z[58,3]",1.0
"z[60,3]",1.0
"z[68,3]",1.0
"z[89,3]",1.0
"z[92,3]",1.0
"z[111,3]",1.0
"z[369,3]",1.0
"z[379,3]",1.0
"z[383,3]",1.0
"z[384,3]",1.0
"z[468,3]",1.0
"z[558,3]",1.0
"z[617,3]",1.0
"z[694,3]",1.0
"z[731,3]",1.0
"z[734,3]",1.0
"z[738,3]",1.0
"z[745,3]",1.0
"z[746,3]",1.0
"z[785,3]",1.0
"z[801,3]",1.0
"z[822,3]",1.0
"z[860,3]",1.0
"z[879,3]",1.0
"z[1006,3]",1.0
"z[1007,3]",1.0
"z[1022,3]",1.0
"z[1038,3]",1.0
"z[1156,3]",1.0
"z[1235,3]",1.0
"z[1341,3]",1.0
"z[1357,3]",1.0
"z[1413,3]",1.0
"z[1425,3]",1.0
"z[1483,3]",1.0
"z[1489,3]",1.0
"z[1526,3]",1.0
"z[1527,3]",1.0
"z[1539,3]",1.0
"z[1563,3]",1.0
"z[1574,3]",1.0
"z[1624,3]",1.0
"z[1690,3]",1.0
"z[1914,3]",1.0
"z[2080,3]",1.0
"z[2143,3]",1.0
"z[2270,3]",1.0
"z[2586,3]",1.0
"z[2691,3]",1.0
"z[2708,3]",1.0
"z[35,8]",1.0
"z[275,8]",1.0
"z[712,8]",1.0
"z[715,8]",1.0
"z[817,8]",1.0
"z[917,8]",1.0
"z[963,8]",1.0
"z[985,8]",1.0
"z[999,8]",1.0
"z[1058,8]",1.0
"z[1088,8]",1.0
"z[1095,8]",1.0
"z[1097,8]",1.0
"z[1105,8]",1.0
"z[1111,8]",1.0
"z[1117,8]",1.0
"z[1123,8]",1.0
"z[1126,8]",1.0
"z[1143,8]",1.0
"z[1158,8]",1.0
"z[1171,8]",1.0
"z[1180,8]",1.0
"z[1210,8]",1.0
"z[1215,8]",1.0
"z[1232,8]",1.0
"z[1233,8]",1.0
"z[1239,8]",1.0
"z[1272,8]",1.0
"z[1297,8]",1.0
"z[1304,8]",1.0
"z[1310,8]",1.0
"z[1325,8]",1.0
"z[1342,8]",1.0
"z[1375,8]",1.0
"z[1423,8]",1.0
"z[1433,8]",1.0
"z[1446,8]",1.0
"z[1447,8]",1.0
"z[1473,8]",1.0
"z[1490,8]",1.0
"z[1523,8]",1.0
"z[1535,8]",1.0
"z[1550,8]",1.0
"z[1580,8]",1.0
"z[1596,8]",1.0
"z[1606,8]",1.0
"z[1627,8]",1.0
"z[1649,8]",1.0
"z[1673,8]",1.0
"z[1754,8]",1.0
"z[1769,8]",1.0
"z[1770,8]",1.0
"z[1771,8]",1.0
"z[1794,8]",1.0
"z[1881,8]",1.0
"z[1882,8]",1.0
"z[1890,8]",1.0
"z[1949,8]",1.0
"z[2012,8]",1.0
"z[2031,8]",1.0
"z[2038,8]",1.0
"z[2057,8]",1.0
"z[2059,8]",1.0
"z[2083,8]",1.0
"z[2085,8]",1.0
"z[2120,8]",1.0
"z[2144,8]",1.0
"z[2156,8]",1.0
"z[2164,8]",1.0
"z[2173,8]",1.0
"z[2177,8]",1.0
"z[2178,8]",1.0
"z[2210,8]",1.0
"z[2223,8]",1.0
"z[2224,8]",1.0
"z[2257,8]",1.0
"z[2258,8]",1.0
"z[2279,8]",1.0
"z[2291,8]",1.0
"z[2301,8]",1.0
"z[2362,8]",1.0
"z[2386,8]",1.0
"z[2403,8]",1.0
"z[2417,8]",1.0
"z[2438,8]",1.0
"z[2473,8]",1.0
"z[2477,8]",1.0
"z[2500,8]",1.0
"z[2526,8]",1.0
"z[2562,8]",1.0
"z[2565,8]",1.0
"z[2669,8]",1.0
"z[2705,8]",1.0
"z[2711,8]",1.0
"z[2714,8]",1.0
"z[2715,8]",1.0
"z[2724,8]",1.0
"z[2744,8]",1.0
"z[2766,8]",1.0
"z[2767,8]",1.0
"z[2792,8]",1.0
"z[2829,8]",1.0
"z[2862,8]",1.0
"z[2949,8]",1.0
"z[3012,8]",1.0
"z[3032,8]",1.0
"z[3057,8]",1.0
"z[3067,8]",1.0
"z[3069,8]",1.0
"z[39,2]",1.0
"z[2812,2]",1.0
"z[2813,2]",1.0
"z[40,3]",1.0
"z[102,3]",1.0
"z[350,3]",1.0
"z[486,3]",1.0
"z[630,3]",1.0
"z[634,3]",1.0
"z[811,3]",1.0
"z[1072,3]",1.0
"z[1997,3]",1.0
"z[2642,3]",1.0
"z[2844,3]",1.0
"z[42,5]",1.0
"z[425,5]",1.0
"z[563,5]",1.0
"z[614,5]",1.0
"z[686,5]",1.0
"z[700,5]",1.0
"z[834,5]",1.0
"z[935,5]",1.0
"z[936,5]",1.0
"z[983,5]",1.0
"z[1157,5]",1.0
"z[1222,5]",1.0
"z[1356,5]",1.0
"z[1620,5]",1.0
"z[1657,5]",1.0
"z[1922,5]",1.0
"z[2017,5]",1.0
"z[2088,5]",1.0
"z[2179,5]",1.0
"z[2233,5]",1.0
"z[2264,5]",1.0
"z[2344,5]",1.0
"z[2411,5]",1.0
"z[2663,5]",1.0
"z[2678,5]",1.0
"z[2805,5]",1.0
"z[2818,5]",1.0
"z[2852,5]",1.0
"z[2935,5]",1.0
"z[2950,5]",1.0
"z[2977,5]",1.0
"z[2978,5]",1.0
"z[2991,5]",1.0
"z[3016,5]",1.0
"z[44,4]",1.0
"z[1335,4]",1.0
"z[2079,4]",1.0
"z[2153,4]",1.0
"z[2235,4]",1.0
"z[2618,4]",1.0
"z[45,2]",1.0
"z[668,2]",1.0
"z[789,2]",1.0
"z[1956,2]",1.0
"z[46,5]",1.0
"z[48,5]",1.0
"z[54,5]",1.0
"z[72,5]",1.0
"z[77,5]",1.0
"z[78,5]",1.0
"z[107,5]",1.0
"z[163,5]",1.0
"z[322,5]",1.0
"z[367,5]",1.0
"z[388,5]",1.0
"z[434,5]",1.0
"z[456,5]",1.0
"z[459,5]",1.0
"z[462,5]",1.0
"z[466,5]",1.0
"z[481,5]",1.0
"z[484,5]",1.0
"z[487,5]",1.0
"z[488,5]",1.0
"z[505,5]",1.0
"z[538,5]",1.0
"z[550,5]",1.0
"z[579,5]",1.0
"z[584,5]",1.0
"z[595,5]",1.0
"z[600,5]",1.0
"z[601,5]",1.0
"z[604,5]",1.0
"z[611,5]",1.0
"z[612,5]",1.0
"z[615,5]",1.0
"z[618,5]",1.0
"z[633,5]",1.0
"z[636,5]",1.0
"z[660,5]",1.0
"z[661,5]",1.0
"z[662,5]",1.0
"z[665,5]",1.0
"z[704,5]",1.0
"z[739,5]",1.0
"z[740,5]",1.0
"z[742,5]",1.0
"z[743,5]",1.0
"z[752,5]",1.0
"z[755,5]",1.0
"z[758,5]",1.0
"z[759,5]",1.0
"z[762,5]",1.0
"z[763,5]",1.0
"z[768,5]",1.0
"z[774,5]",1.0
"z[775,5]",1.0
"z[776,5]",1.0
"z[777,5]",1.0
"z[804,5]",1.0
"z[816,5]",1.0
"z[818,5]",1.0
"z[841,5]",1.0
"z[862,5]",1.0
"z[877,5]",1.0
"z[902,5]",1.0
"z[908,5]",1.0
"z[940,5]",1.0
"z[946,5]",1.0
"z[956,5]",1.0
"z[1003,5]",1.0
"z[1009,5]",1.0
"z[1011,5]",1.0
"z[1013,5]",1.0
"z[1034,5]",1.0
"z[1049,5]",1.0
"z[1054,5]",1.0
"z[1059,5]",1.0
"z[1060,5]",1.0
"z[1118,5]",1.0
"z[1119,5]",1.0
"z[1130,5]",1.0
"z[1133,5]",1.0
"z[1144,5]",1.0
"z[1146,5]",1.0
"z[1148,5]",1.0
"z[1161,5]",1.0
"z[1178,5]",1.0
"z[1182,5]",1.0
"z[1200,5]",1.0
"z[1211,5]",1.0
"z[1214,5]",1.0
"z[1224,5]",1.0
"z[1245,5]",1.0
"z[1249,5]",1.0
"z[1258,5]",1.0
"z[1270,5]",1.0
"z[1275,5]",1.0
"z[1282,5]",1.0
"z[1285,5]",1.0
"z[1293,5]",1.0
"z[1323,5]",1.0
"z[1338,5]",1.0
"z[1346,5]",1.0
"z[1348,5]",1.0
"z[1349,5]",1.0
"z[1354,5]",1.0
"z[1367,5]",1.0
"z[1371,5]",1.0
"z[1372,5]",1.0
"z[1395,5]",1.0
"z[1410,5]",1.0
"z[1412,5]",1.0
"z[1420,5]",1.0
"z[1427,5]",1.0
"z[1430,5]",1.0
"z[1435,5]",1.0
"z[1437,5]",1.0
"z[1450,5]",1.0
"z[1452,5]",1.0
"z[1458,5]",1.0
"z[1468,5]",1.0
"z[1474,5]",1.0
"z[1478,5]",1.0
"z[1479,5]",1.0
"z[1482,5]",1.0
"z[1488,5]",1.0
"z[1494,5]",1.0
"z[1501,5]",1.0
"z[1502,5]",1.0
"z[1506,5]",1.0
"z[1518,5]",1.0
"z[1520,5]",1.0
"z[1529,5]",1.0
"z[1536,5]",1.0
"z[1544,5]",1.0
"z[1555,5]",1.0
"z[1566,5]",1.0
"z[1571,5]",1.0
"z[1578,5]",1.0
"z[1592,5]",1.0
"z[1595,5]",1.0
"z[1598,5]",1.0
"z[1607,5]",1.0
"z[1609,5]",1.0
"z[1615,5]",1.0
"z[1616,5]",1.0
"z[1629,5]",1.0
"z[1633,5]",1.0
"z[1646,5]",1.0
"z[1650,5]",1.0
"z[1658,5]",1.0
"z[1661,5]",1.0
"z[1675,5]",1.0
"z[1683,5]",1.0
"z[1693,5]",1.0
"z[1700,5]",1.0
"z[1701,5]",1.0
"z[1713,5]",1.0
"z[1714,5]",1.0
"z[1733,5]",1.0
"z[1759,5]",1.0
"z[1768,5]",1.0
"z[1799,5]",1.0
"z[1806,5]",1.0
"z[1833,5]",1.0
"z[1840,5]",1.0
"z[1856,5]",1.0
"z[1861,5]",1.0
"z[1862,5]",1.0
"z[1865,5]",1.0
"z[1866,5]",1.0
"z[1876,5]",1.0
"z[1900,5]",1.0
"z[1907,5]",1.0
"z[1917,5]",1.0
"z[1921,5]",1.0
"z[1927,5]",1.0
"z[1940,5]",1.0
"z[1953,5]",1.0
"z[1958,5]",1.0
"z[1960,5]",1.0
"z[1969,5]",1.0
"z[1971,5]",1.0
"z[1992,5]",1.0
"z[2001,5]",1.0
"z[2006,5]",1.0
"z[2007,5]",1.0
"z[2009,5]",1.0
"z[2013,5]",1.0
"z[2028,5]",1.0
"z[2049,5]",1.0
"z[2051,5]",1.0
"z[2055,5]",1.0
"z[2056,5]",1.0
"z[2089,5]",1.0
"z[2154,5]",1.0
"z[2160,5]",1.0
"z[2171,5]",1.0
"z[2186,5]",1.0
"z[2190,5]",1.0
"z[2202,5]",1.0
"z[2215,5]",1.0
"z[2243,5]",1.0
"z[2247,5]",1.0
"z[2256,5]",1.0
"z[2265,5]",1.0
"z[2288,5]",1.0
"z[2321,5]",1.0
"z[2346,5]",1.0
"z[2357,5]",1.0
"z[2374,5]",1.0
"z[2379,5]",1.0
"z[2400,5]",1.0
"z[2404,5]",1.0
"z[2424,5]",1.0
"z[2518,5]",1.0
"z[2522,5]",1.0
"z[2545,5]",1.0
"z[2549,5]",1.0
"z[2568,5]",1.0
"z[2633,5]",1.0
"z[2644,5]",1.0
"z[2667,5]",1.0
"z[2701,5]",1.0
"z[2737,5]",1.0
"z[2740,5]",1.0
"z[2754,5]",1.0
"z[2773,5]",1.0
"z[2855,5]",1.0
"z[2858,5]",1.0
"z[2875,5]",1.0
"z[2898,5]",1.0
"z[2933,5]",1.0
"z[2954,5]",1.0
"z[2967,5]",1.0
"z[3000,5]",1.0
"z[3014,5]",1.0
"z[3021,5]",1.0
"z[3022,5]",1.0
"z[3027,5]",1.0
"z[3053,5]",1.0
"z[3117,5]",1.0
"z[47,9]",1.0
"z[405,9]",1.0
"z[756,9]",1.0
"z[1120,9]",1.0
"z[1303,9]",1.0
"z[1462,9]",1.0
"z[1639,9]",1.0
"z[1762,9]",1.0
"z[2060,9]",1.0
"z[2285,9]",1.0
"z[2517,9]",1.0
"z[2675,9]",1.0
"z[2757,9]",1.0
"z[2874,9]",1.0
"z[50,9]",1.0
"z[118,9]",1.0
"z[172,9]",1.0
"z[182,9]",1.0
"z[192,9]",1.0
"z[201,9]",1.0
"z[202,9]",1.0
"z[215,9]",1.0
"z[217,9]",1.0
"z[229,9]",1.0
"z[230,9]",1.0
"z[241,9]",1.0
"z[250,9]",1.0
"z[254,9]",1.0
"z[258,9]",1.0
"z[263,9]",1.0
"z[276,9]",1.0
"z[282,9]",1.0
"z[283,9]",1.0
"z[288,9]",1.0
"z[308,9]",1.0
"z[314,9]",1.0
"z[336,9]",1.0
"z[337,9]",1.0
"z[341,9]",1.0
"z[374,9]",1.0
"z[380,9]",1.0
"z[409,9]",1.0
"z[461,9]",1.0
"z[545,9]",1.0
"z[708,9]",1.0
"z[728,9]",1.0
"z[794,9]",1.0
"z[798,9]",1.0
"z[961,9]",1.0
"z[1254,9]",1.0
"z[1263,9]",1.0
"z[1331,9]",1.0
"z[1567,9]",1.0
"z[1570,9]",1.0
"z[1812,9]",1.0
"z[1984,9]",1.0
"z[2025,9]",1.0
"z[2308,9]",1.0
"z[2780,9]",1.0
"z[2821,9]",1.0
"z[53,6]",1.0
"z[170,6]",1.0
"z[588,6]",1.0
"z[653,6]",1.0
"z[1016,6]",1.0
"z[1671,6]",1.0
"z[2023,6]",1.0
"z[2266,6]",1.0
"z[2329,6]",1.0
"z[2453,6]",1.0
"z[2491,6]",1.0
"z[55,2]",1.0
"z[832,2]",1.0
"z[1033,2]",1.0
"z[1888,2]",1.0
"z[1918,2]",1.0
"z[2550,2]",1.0
"z[56,4]",1.0
"z[82,4]",1.0
"z[85,4]",1.0
"z[94,4]",1.0
"z[106,4]",1.0
"z[114,4]",1.0
"z[115,4]",1.0
"z[144,4]",1.0
"z[164,4]",1.0
"z[166,4]",1.0
"z[317,4]",1.0
"z[332,4]",1.0
"z[334,4]",1.0
"z[363,4]",1.0
"z[364,4]",1.0
"z[541,4]",1.0
"z[621,4]",1.0
"z[647,4]",1.0
"z[681,4]",1.0
"z[830,4]",1.0
"z[855,4]",1.0
"z[881,4]",1.0
"z[900,4]",1.0
"z[1042,4]",1.0
"z[1043,4]",1.0
"z[1061,4]",1.0
"z[1090,4]",1.0
"z[1138,4]",1.0
"z[1216,4]",1.0
"z[1226,4]",1.0
"z[1230,4]",1.0
"z[1242,4]",1.0
"z[1250,4]",1.0
"z[1268,4]",1.0
"z[1306,4]",1.0
"z[1313,4]",1.0
"z[1366,4]",1.0
"z[1380,4]",1.0
"z[1407,4]",1.0
"z[1456,4]",1.0
"z[1463,4]",1.0
"z[1464,4]",1.0
"z[1465,4]",1.0
"z[1471,4]",1.0
"z[1481,4]",1.0
"z[1493,4]",1.0
"z[1638,4]",1.0
"z[1678,4]",1.0
"z[1682,4]",1.0
"z[1696,4]",1.0
"z[1698,4]",1.0
"z[1772,4]",1.0
"z[1778,4]",1.0
"z[1826,4]",1.0
"z[1868,4]",1.0
"z[1910,4]",1.0
"z[1911,4]",1.0
"z[1916,4]",1.0
"z[1923,4]",1.0
"z[1957,4]",1.0
"z[1962,4]",1.0
"z[1978,4]",1.0
"z[2005,4]",1.0
"z[2196,4]",1.0
"z[2319,4]",1.0
"z[2325,4]",1.0
"z[2343,4]",1.0
"z[2353,4]",1.0
"z[2359,4]",1.0
"z[2498,4]",1.0
"z[2585,4]",1.0
"z[2617,4]",1.0
"z[2620,4]",1.0
"z[2653,4]",1.0
"z[2656,4]",1.0
"z[2710,4]",1.0
"z[2772,4]",1.0
"z[2917,4]",1.0
"z[2955,4]",1.0
"z[3029,4]",1.0
"z[3107,4]",1.0
"z[61,3]",1.0
"z[74,3]",1.0
"z[121,3]",1.0
"z[365,3]",1.0
"z[387,3]",1.0
"z[547,3]",1.0
"z[564,3]",1.0
"z[971,3]",1.0
"z[1129,3]",1.0
"z[1265,3]",1.0
"z[1277,3]",1.0
"z[1300,3]",1.0
"z[1379,3]",1.0
"z[1405,3]",1.0
"z[1612,3]",1.0
"z[1735,3]",1.0
"z[1813,3]",1.0
"z[1814,3]",1.0
"z[1871,3]",1.0
"z[1897,3]",1.0
"z[2018,3]",1.0
"z[2113,3]",1.0
"z[2151,3]",1.0
"z[2262,3]",1.0
"z[2467,3]",1.0
"z[2674,3]",1.0
"z[2788,3]",1.0
"z[2800,3]",1.0
"z[65,2]",1.0
"z[1848,2]",1.0
"z[2306,2]",1.0
"z[66,4]",1.0
"z[637,4]",1.0
"z[1127,4]",1.0
"z[1509,4]",1.0
"z[1942,4]",1.0
"z[2029,4]",1.0
"z[2086,4]",1.0
"z[2485,4]",1.0
"z[2706,4]",1.0
"z[3044,4]",1.0
"z[3072,4]",1.0
"z[70,3]",1.0
"z[129,3]",1.0
"z[131,3]",1.0
"z[136,3]",1.0
"z[138,3]",1.0
"z[391,3]",1.0
"z[392,3]",1.0
"z[424,3]",1.0
"z[465,3]",1.0
"z[521,3]",1.0
"z[535,3]",1.0
"z[591,3]",1.0
"z[697,3]",1.0
"z[1389,3]",1.0
"z[1394,3]",1.0
"z[1505,3]",1.0
"z[1552,3]",1.0
"z[1694,3]",1.0
"z[1850,3]",1.0
"z[1896,3]",1.0
"z[2114,3]",1.0
"z[2427,3]",1.0
"z[2741,3]",1.0
"z[2796,3]",1.0
"z[2827,3]",1.0
"z[3041,3]",1.0
"z[3045,3]",1.0
"z[3068,3]",1.0
"z[71,3]",1.0
"z[95,3]",1.0
"z[101,3]",1.0
"z[167,3]",1.0
"z[318,3]",1.0
"z[320,3]",1.0
"z[333,3]",1.0
"z[357,3]",1.0
"z[360,3]",1.0
"z[447,3]",1.0
"z[448,3]",1.0
"z[455,3]",1.0
"z[639,3]",1.0
"z[714,3]",1.0
"z[910,3]",1.0
"z[1307,3]",1.0
"z[1308,3]",1.0
"z[1309,3]",1.0
"z[1312,3]",1.0
"z[1557,3]",1.0
"z[1591,3]",1.0
"z[1660,3]",1.0
"z[1755,3]",1.0
"z[2148,3]",1.0
"z[2592,3]",1.0
"z[2968,3]",1.0
"z[81,4]",1.0
"z[779,4]",1.0
"z[914,4]",1.0
"z[2195,4]",1.0
"z[2654,4]",1.0
"z[84,4]",1.0
"z[98,4]",1.0
"z[109,4]",1.0
"z[512,4]",1.0
"z[698,4]",1.0
"z[1290,4]",1.0
"z[1745,4]",1.0
"z[1905,4]",1.0
"z[2050,4]",1.0
"z[2508,4]",1.0
"z[2797,4]",1.0
"z[3062,4]",1.0
"z[86,3]",1.0
"z[87,3]",1.0
"z[88,3]",1.0
"z[1025,3]",1.0
"z[1472,3]",1.0
"z[2589,3]",1.0
"z[2914,3]",1.0
"z[90,3]",1.0
"z[2141,3]",1.0
"z[2588,3]",1.0
"z[2597,3]",1.0
"z[93,4]",1.0
"z[165,4]",1.0
"z[603,4]",1.0
"z[893,4]",1.0
"z[1311,4]",1.0
"z[1955,4]",1.0
"z[2071,4]",1.0
"z[2155,4]",1.0
"z[2863,4]",1.0
"z[96,6]",1.0
"z[100,6]",1.0
"z[112,6]",1.0
"z[119,6]",1.0
"z[120,6]",1.0
"z[553,6]",1.0
"z[556,6]",1.0
"z[574,6]",1.0
"z[645,6]",1.0
"z[722,6]",1.0
"z[723,6]",1.0
"z[724,6]",1.0
"z[747,6]",1.0
"z[766,6]",1.0
"z[802,6]",1.0
"z[876,6]",1.0
"z[928,6]",1.0
"z[977,6]",1.0
"z[986,6]",1.0
"z[1032,6]",1.0
"z[1040,6]",1.0
"z[1145,6]",1.0
"z[1340,6]",1.0
"z[1453,6]",1.0
"z[1568,6]",1.0
"z[1635,6]",1.0
"z[1637,6]",1.0
"z[1712,6]",1.0
"z[1726,6]",1.0
"z[1798,6]",1.0
"z[1842,6]",1.0
"z[1885,6]",1.0
"z[1979,6]",1.0
"z[2015,6]",1.0
"z[2092,6]",1.0
"z[2166,6]",1.0
"z[2203,6]",1.0
"z[2327,6]",1.0
"z[2366,6]",1.0
"z[2419,6]",1.0
"z[2432,6]",1.0
"z[2465,6]",1.0
"z[2559,6]",1.0
"z[2629,6]",1.0
"z[2768,6]",1.0
"z[2779,6]",1.0
"z[2824,6]",1.0
"z[2826,6]",1.0
"z[2831,6]",1.0
"z[2838,6]",1.0
"z[2841,6]",1.0
"z[2846,6]",1.0
"z[2847,6]",1.0
"z[2849,6]",1.0
"z[2867,6]",1.0
"z[2940,6]",1.0
"z[2947,6]",1.0
"z[2959,6]",1.0
"z[2961,6]",1.0
"z[2976,6]",1.0
"z[2988,6]",1.0
"z[3015,6]",1.0
"z[3127,6]",1.0
"z[97,3]",1.0
"z[325,3]",1.0
"z[352,3]",1.0
"z[795,3]",1.0
"z[1253,3]",1.0
"z[1947,3]",1.0
"z[2116,3]",1.0
"z[2138,3]",1.0
"z[2199,3]",1.0
"z[2337,3]",1.0
"z[2843,3]",1.0
"z[2930,3]",1.0
"z[99,2]",1.0
"z[669,2]",1.0
"z[1076,2]",1.0
"z[1362,2]",1.0
"z[1432,2]",1.0
"z[1730,2]",1.0
"z[1749,2]",1.0
"z[1886,2]",1.0
"z[2509,2]",1.0
"z[104,1]",1.0
"z[865,1]",1.0
"z[897,1]",1.0
"z[945,1]",1.0
"z[973,1]",1.0
"z[974,1]",1.0
"z[1045,1]",1.0
"z[1046,1]",1.0
"z[1056,1]",1.0
"z[1240,1]",1.0
"z[1314,1]",1.0
"z[1414,1]",1.0
"z[1434,1]",1.0
"z[1455,1]",1.0
"z[1511,1]",1.0
"z[1628,1]",1.0
"z[1630,1]",1.0
"z[1652,1]",1.0
"z[1679,1]",1.0
"z[1689,1]",1.0
"z[1804,1]",1.0
"z[2014,1]",1.0
"z[2068,1]",1.0
"z[2333,1]",1.0
"z[2410,1]",1.0
"z[2594,1]",1.0
"z[2994,1]",1.0
"z[3059,1]",1.0
"z[105,4]",1.0
"z[507,4]",1.0
"z[825,4]",1.0
"z[1431,4]",1.0
"z[1438,4]",1.0
"z[1525,4]",1.0
"z[1702,4]",1.0
"z[1758,4]",1.0
"z[1818,4]",1.0
"z[1824,4]",1.0
"z[1832,4]",1.0
"z[1913,4]",1.0
"z[2165,4]",1.0
"z[2212,4]",1.0
"z[2267,4]",1.0
"z[2283,4]",1.0
"z[2297,4]",1.0
"z[2868,4]",1.0
"z[3034,4]",1.0
"z[3051,4]",1.0
"z[3077,4]",1.0
"z[3116,4]",1.0
"z[110,3]",1.0
"z[1553,3]",1.0
"z[2358,3]",1.0
"z[2456,3]",1.0
"z[113,3]",1.0
"z[1225,3]",1.0
"z[1326,3]",1.0
"z[117,10]",1.0
"z[220,10]",1.0
"z[508,10]",1.0
"z[1027,10]",1.0
"z[1424,10]",1.0
"z[1507,10]",1.0
"z[1531,10]",1.0
"z[1906,10]",1.0
"z[1963,10]",1.0
"z[2090,10]",1.0
"z[2150,10]",1.0
"z[2541,10]",1.0
"z[2558,10]",1.0
"z[123,3]",1.0
"z[1112,3]",1.0
"z[1608,3]",1.0
"z[2065,3]",1.0
"z[2170,3]",1.0
"z[2864,3]",1.0
"z[124,1]",1.0
"z[133,1]",1.0
"z[153,1]",1.0
"z[160,1]",1.0
"z[323,1]",1.0
"z[331,1]",1.0
"z[381,1]",1.0
"z[419,1]",1.0
"z[420,1]",1.0
"z[498,1]",1.0
"z[557,1]",1.0
"z[598,1]",1.0
"z[842,1]",1.0
"z[891,1]",1.0
"z[992,1]",1.0
"z[1116,1]",1.0
"z[1128,1]",1.0
"z[1152,1]",1.0
"z[1162,1]",1.0
"z[1163,1]",1.0
"z[1175,1]",1.0
"z[1370,1]",1.0
"z[1448,1]",1.0
"z[1497,1]",1.0
"z[1704,1]",1.0
"z[1821,1]",1.0
"z[1999,1]",1.0
"z[2000,1]",1.0
"z[2002,1]",1.0
"z[2298,1]",1.0
"z[2462,1]",1.0
"z[2487,1]",1.0
"z[2488,1]",1.0
"z[2546,1]",1.0
"z[2687,1]",1.0
"z[2878,1]",1.0
"z[3028,1]",1.0
"z[3047,1]",1.0
"z[126,5]",1.0
"z[149,5]",1.0
"z[151,5]",1.0
"z[354,5]",1.0
"z[548,5]",1.0
"z[1867,5]",1.0
"z[2093,5]",1.0
"z[2206,5]",1.0
"z[2211,5]",1.0
"z[2230,5]",1.0
"z[2764,5]",1.0
"z[2806,5]",1.0
"z[2891,5]",1.0
"z[2915,5]",1.0
"z[2924,5]",1.0
"z[2937,5]",1.0
"z[2975,5]",1.0
"z[2979,5]",1.0
"z[130,3]",1.0
"z[344,3]",1.0
"z[1551,3]",1.0
"z[2507,3]",1.0
"z[2601,3]",1.0
"z[132,10]",1.0
"z[248,10]",1.0
"z[1460,10]",1.0
"z[1530,10]",1.0
"z[1545,10]",1.0
"z[2682,10]",1.0
"z[135,4]",1.0
"z[520,4]",1.0
"z[532,4]",1.0
"z[613,4]",1.0
"z[1228,4]",1.0
"z[1388,4]",1.0
"z[1504,4]",1.0
"z[1577,4]",1.0
"z[1705,4]",1.0
"z[1869,4]",1.0
"z[2451,4]",1.0
"z[2747,4]",1.0
"z[2753,4]",1.0
"z[2790,4]",1.0
"z[2808,4]",1.0
"z[3071,4]",1.0
"z[150,2]",1.0
"z[1197,2]",1.0
"z[155,1]",1.0
"z[156,1]",1.0
"z[157,1]",1.0
"z[329,1]",1.0
"z[463,1]",1.0
"z[988,1]",1.0
"z[989,1]",1.0
"z[1080,1]",1.0
"z[1279,1]",1.0
"z[1492,1]",1.0
"z[1681,1]",1.0
"z[1863,1]",1.0
"z[1986,1]",1.0
"z[2180,1]",1.0
"z[2820,1]",1.0
"z[2996,1]",1.0
"z[169,9]",1.0
"z[1517,9]",1.0
"z[171,8]",1.0
"z[179,8]",1.0
"z[203,8]",1.0
"z[204,8]",1.0
"z[207,8]",1.0
"z[244,8]",1.0
"z[246,8]",1.0
"z[249,8]",1.0
"z[251,8]",1.0
"z[265,8]",1.0
"z[287,8]",1.0
"z[311,8]",1.0
"z[371,8]",1.0
"z[372,8]",1.0
"z[375,8]",1.0
"z[377,8]",1.0
"z[403,8]",1.0
"z[414,8]",1.0
"z[428,8]",1.0
"z[453,8]",1.0
"z[542,8]",1.0
"z[627,8]",1.0
"z[642,8]",1.0
"z[682,8]",1.0
"z[736,8]",1.0
"z[753,8]",1.0
"z[771,8]",1.0
"z[792,8]",1.0
"z[839,8]",1.0
"z[1188,8]",1.0
"z[1213,8]",1.0
"z[1441,8]",1.0
"z[1480,8]",1.0
"z[1528,8]",1.0
"z[1564,8]",1.0
"z[1664,8]",1.0
"z[1817,8]",1.0
"z[1847,8]",1.0
"z[1855,8]",1.0
"z[2039,8]",1.0
"z[2058,8]",1.0
"z[2094,8]",1.0
"z[2095,8]",1.0
"z[2117,8]",1.0
"z[2645,8]",1.0
"z[2888,8]",1.0
"z[3035,8]",1.0
"z[3082,8]",1.0
"z[3087,8]",1.0
"z[174,9]",1.0
"z[177,9]",1.0
"z[309,9]",1.0
"z[390,9]",1.0
"z[404,9]",1.0
"z[764,9]",1.0
"z[1546,9]",1.0
"z[1583,9]",1.0
"z[2066,9]",1.0
"z[180,9]",1.0
"z[183,9]",1.0
"z[187,9]",1.0
"z[339,9]",1.0
"z[340,9]",1.0
"z[362,9]",1.0
"z[629,9]",1.0
"z[1302,9]",1.0
"z[1828,9]",1.0
"z[1875,9]",1.0
"z[2158,9]",1.0
"z[2159,9]",1.0
"z[2630,9]",1.0
"z[2661,9]",1.0
"z[3038,9]",1.0
"z[191,10]",1.0
"z[609,10]",1.0
"z[872,10]",1.0
"z[909,10]",1.0
"z[922,10]",1.0
"z[965,10]",1.0
"z[1217,10]",1.0
"z[1281,10]",1.0
"z[1291,10]",1.0
"z[1597,10]",1.0
"z[1665,10]",1.0
"z[2349,10]",1.0
"z[2447,10]",1.0
"z[2569,10]",1.0
"z[2650,10]",1.0
"z[2673,10]",1.0
"z[2712,10]",1.0
"z[3099,10]",1.0
"z[193,9]",1.0
"z[210,9]",1.0
"z[581,9]",1.0
"z[194,7]",1.0
"z[253,7]",1.0
"z[257,7]",1.0
"z[302,7]",1.0
"z[400,7]",1.0
"z[423,7]",1.0
"z[431,7]",1.0
"z[441,7]",1.0
"z[472,7]",1.0
"z[490,7]",1.0
"z[552,7]",1.0
"z[819,7]",1.0
"z[867,7]",1.0
"z[880,7]",1.0
"z[997,7]",1.0
"z[1174,7]",1.0
"z[1199,7]",1.0
"z[1537,7]",1.0
"z[1538,7]",1.0
"z[1892,7]",1.0
"z[2034,7]",1.0
"z[2043,7]",1.0
"z[2398,7]",1.0
"z[2527,7]",1.0
"z[2531,7]",1.0
"z[2732,7]",1.0
"z[2987,7]",1.0
"z[3037,7]",1.0
"z[3084,7]",1.0
"z[195,8]",1.0
"z[2543,8]",1.0
"z[3039,8]",1.0
"z[209,9]",1.0
"z[216,9]",1.0
"z[234,9]",1.0
"z[295,9]",1.0
"z[338,9]",1.0
"z[410,9]",1.0
"z[474,9]",1.0
"z[666,9]",1.0
"z[719,9]",1.0
"z[1074,9]",1.0
"z[1950,9]",1.0
"z[2856,9]",1.0
"z[211,9]",1.0
"z[226,9]",1.0
"z[293,9]",1.0
"z[300,9]",1.0
"z[757,9]",1.0
"z[807,9]",1.0
"z[823,9]",1.0
"z[926,9]",1.0
"z[1809,9]",1.0
"z[1844,9]",1.0
"z[2052,9]",1.0
"z[2105,9]",1.0
"z[2107,9]",1.0
"z[212,10]",1.0
"z[239,10]",1.0
"z[1023,10]",1.0
"z[1541,10]",1.0
"z[1864,10]",1.0
"z[2227,10]",1.0
"z[214,6]",1.0
"z[245,6]",1.0
"z[303,6]",1.0
"z[305,6]",1.0
"z[312,6]",1.0
"z[432,6]",1.0
"z[442,6]",1.0
"z[444,6]",1.0
"z[469,6]",1.0
"z[470,6]",1.0
"z[483,6]",1.0
"z[492,6]",1.0
"z[502,6]",1.0
"z[536,6]",1.0
"z[540,6]",1.0
"z[576,6]",1.0
"z[754,6]",1.0
"z[773,6]",1.0
"z[783,6]",1.0
"z[978,6]",1.0
"z[1099,6]",1.0
"z[1122,6]",1.0
"z[1247,6]",1.0
"z[1390,6]",1.0
"z[1391,6]",1.0
"z[1406,6]",1.0
"z[1533,6]",1.0
"z[1663,6]",1.0
"z[1746,6]",1.0
"z[1941,6]",1.0
"z[2135,6]",1.0
"z[2176,6]",1.0
"z[2255,6]",1.0
"z[2282,6]",1.0
"z[2610,6]",1.0
"z[2647,6]",1.0
"z[2649,6]",1.0
"z[2721,6]",1.0
"z[2728,6]",1.0
"z[2734,6]",1.0
"z[2738,6]",1.0
"z[2739,6]",1.0
"z[2828,6]",1.0
"z[2873,6]",1.0
"z[2900,6]",1.0
"z[2995,6]",1.0
"z[222,9]",1.0
"z[301,9]",1.0
"z[458,9]",1.0
"z[501,9]",1.0
"z[1409,9]",1.0
"z[1469,9]",1.0
"z[1470,9]",1.0
"z[1514,9]",1.0
"z[1717,9]",1.0
"z[1756,9]",1.0
"z[1757,9]",1.0
"z[2505,9]",1.0
"z[2554,9]",1.0
"z[2561,9]",1.0
"z[2590,9]",1.0
"z[224,7]",1.0
"z[299,7]",1.0
"z[407,7]",1.0
"z[408,7]",1.0
"z[412,7]",1.0
"z[415,7]",1.0
"z[493,7]",1.0
"z[504,7]",1.0
"z[530,7]",1.0
"z[551,7]",1.0
"z[592,7]",1.0
"z[632,7]",1.0
"z[767,7]",1.0
"z[861,7]",1.0
"z[906,7]",1.0
"z[938,7]",1.0
"z[1078,7]",1.0
"z[1672,7]",1.0
"z[1852,7]",1.0
"z[1961,7]",1.0
"z[2053,7]",1.0
"z[2115,7]",1.0
"z[2340,7]",1.0
"z[2530,7]",1.0
"z[2536,7]",1.0
"z[2560,7]",1.0
"z[2716,7]",1.0
"z[2743,7]",1.0
"z[2839,7]",1.0
"z[3080,7]",1.0
"z[232,7]",1.0
"z[1067,7]",1.0
"z[1266,7]",1.0
"z[1558,7]",1.0
"z[2580,7]",1.0
"z[233,9]",1.0
"z[1286,9]",1.0
"z[1587,9]",1.0
"z[2441,9]",1.0
"z[235,9]",1.0
"z[260,9]",1.0
"z[261,9]",1.0
"z[266,9]",1.0
"z[269,9]",1.0
"z[270,9]",1.0
"z[298,9]",1.0
"z[1604,9]",1.0
"z[1734,9]",1.0
"z[2082,9]",1.0
"z[2182,9]",1.0
"z[2313,9]",1.0
"z[2426,9]",1.0
"z[2510,9]",1.0
"z[2665,9]",1.0
"z[2736,9]",1.0
"z[2990,9]",1.0
"z[3001,9]",1.0
"z[237,9]",1.0
"z[296,9]",1.0
"z[847,9]",1.0
"z[875,9]",1.0
"z[1096,9]",1.0
"z[2303,9]",1.0
"z[2804,9]",1.0
"z[238,8]",1.0
"z[243,8]",1.0
"z[285,8]",1.0
"z[286,8]",1.0
"z[710,8]",1.0
"z[711,8]",1.0
"z[726,8]",1.0
"z[727,8]",1.0
"z[840,8]",1.0
"z[1012,8]",1.0
"z[1050,8]",1.0
"z[1305,8]",1.0
"z[1351,8]",1.0
"z[1516,8]",1.0
"z[1721,8]",1.0
"z[240,9]",1.0
"z[1695,9]",1.0
"z[3090,9]",1.0
"z[255,9]",1.0
"z[828,9]",1.0
"z[850,9]",1.0
"z[2676,9]",1.0
"z[2677,9]",1.0
"z[2679,9]",1.0
"z[2696,9]",1.0
"z[2778,9]",1.0
"z[264,8]",1.0
"z[273,8]",1.0
"z[281,8]",1.0
"z[475,8]",1.0
"z[476,8]",1.0
"z[516,8]",1.0
"z[578,8]",1.0
"z[580,8]",1.0
"z[622,8]",1.0
"z[628,8]",1.0
"z[1018,8]",1.0
"z[1289,8]",1.0
"z[1355,8]",1.0
"z[1387,8]",1.0
"z[1808,8]",1.0
"z[1951,8]",1.0
"z[2024,8]",1.0
"z[2323,8]",1.0
"z[2375,8]",1.0
"z[2885,8]",1.0
"z[2921,8]",1.0
"z[3010,8]",1.0
"z[3105,8]",1.0
"z[3108,8]",1.0
"z[3126,8]",1.0
"z[271,8]",1.0
"z[272,8]",1.0
"z[277,8]",1.0
"z[278,8]",1.0
"z[284,8]",1.0
"z[290,8]",1.0
"z[304,8]",1.0
"z[313,8]",1.0
"z[781,8]",1.0
"z[815,8]",1.0
"z[1019,8]",1.0
"z[1164,8]",1.0
"z[1198,8]",1.0
"z[1241,8]",1.0
"z[1337,8]",1.0
"z[1461,8]",1.0
"z[1486,8]",1.0
"z[1669,8]",1.0
"z[1723,8]",1.0
"z[1763,8]",1.0
"z[1889,8]",1.0
"z[1935,8]",1.0
"z[1952,8]",1.0
"z[2027,8]",1.0
"z[2041,8]",1.0
"z[2073,8]",1.0
"z[2100,8]",1.0
"z[2422,8]",1.0
"z[2425,8]",1.0
"z[2433,8]",1.0
"z[2437,8]",1.0
"z[2442,8]",1.0
"z[2511,8]",1.0
"z[2638,8]",1.0
"z[2641,8]",1.0
"z[2672,8]",1.0
"z[2729,8]",1.0
"z[2758,8]",1.0
"z[2941,8]",1.0
"z[2958,8]",1.0
"z[2980,8]",1.0
"z[3008,8]",1.0
"z[280,6]",1.0
"z[306,6]",1.0
"z[543,6]",1.0
"z[720,6]",1.0
"z[904,6]",1.0
"z[1765,6]",1.0
"z[1859,6]",1.0
"z[2003,6]",1.0
"z[2217,6]",1.0
"z[2299,6]",1.0
"z[2523,6]",1.0
"z[2662,6]",1.0
"z[2718,6]",1.0
"z[2723,6]",1.0
"z[2801,6]",1.0
"z[2908,6]",1.0
"z[2910,6]",1.0
"z[3055,6]",1.0
"z[291,7]",1.0
"z[402,7]",1.0
"z[473,7]",1.0
"z[582,7]",1.0
"z[659,7]",1.0
"z[848,7]",1.0
"z[912,7]",1.0
"z[1020,7]",1.0
"z[1092,7]",1.0
"z[1623,7]",1.0
"z[1692,7]",1.0
"z[1838,7]",1.0
"z[1895,7]",1.0
"z[1912,7]",1.0
"z[2021,7]",1.0
"z[2152,7]",1.0
"z[2183,7]",1.0
"z[2363,7]",1.0
"z[2455,7]",1.0
"z[2525,7]",1.0
"z[2555,7]",1.0
"z[2557,7]",1.0
"z[2574,7]",1.0
"z[2621,7]",1.0
"z[2635,7]",1.0
"z[2730,7]",1.0
"z[2749,7]",1.0
"z[2760,7]",1.0
"z[2810,7]",1.0
"z[2811,7]",1.0
"z[2845,7]",1.0
"z[2896,7]",1.0
"z[2931,7]",1.0
"z[2984,7]",1.0
"z[292,8]",1.0
"z[780,8]",1.0
"z[796,8]",1.0
"z[814,8]",1.0
"z[845,8]",1.0
"z[969,8]",1.0
"z[1063,8]",1.0
"z[1159,8]",1.0
"z[1183,8]",1.0
"z[1192,8]",1.0
"z[1194,8]",1.0
"z[1206,8]",1.0
"z[1208,8]",1.0
"z[1336,8]",1.0
"z[1603,8]",1.0
"z[1872,8]",1.0
"z[1884,8]",1.0
"z[1887,8]",1.0
"z[2542,8]",1.0
"z[2763,8]",1.0
"z[294,10]",1.0
"z[1154,10]",1.0
"z[324,4]",1.0
"z[429,4]",1.0
"z[888,4]",1.0
"z[933,4]",1.0
"z[1048,4]",1.0
"z[1324,4]",1.0
"z[1645,4]",1.0
"z[1716,4]",1.0
"z[1764,4]",1.0
"z[1791,4]",1.0
"z[1853,4]",1.0
"z[1965,4]",1.0
"z[2035,4]",1.0
"z[2036,4]",1.0
"z[2091,4]",1.0
"z[2127,4]",1.0
"z[2229,4]",1.0
"z[2261,4]",1.0
"z[2886,4]",1.0
"z[2894,4]",1.0
"z[2895,4]",1.0
"z[326,3]",1.0
"z[1495,3]",1.0
"z[330,3]",1.0
"z[368,3]",1.0
"z[674,3]",1.0
"z[675,3]",1.0
"z[687,3]",1.0
"z[975,3]",1.0
"z[1094,3]",1.0
"z[1381,3]",1.0
"z[1668,3]",1.0
"z[1777,3]",1.0
"z[1931,3]",1.0
"z[2331,3]",1.0
"z[2332,3]",1.0
"z[3066,3]",1.0
"z[346,3]",1.0
"z[430,3]",1.0
"z[589,3]",1.0
"z[1584,3]",1.0
"z[1829,3]",1.0
"z[2044,3]",1.0
"z[3123,3]",1.0
"z[355,5]",1.0
"z[373,5]",1.0
"z[702,5]",1.0
"z[2259,5]",1.0
"z[2276,5]",1.0
"z[2322,5]",1.0
"z[2360,5]",1.0
"z[2387,5]",1.0
"z[2482,5]",1.0
"z[2627,5]",1.0
"z[2755,5]",1.0
"z[2819,5]",1.0
"z[2880,5]",1.0
"z[2929,5]",1.0
"z[366,5]",1.0
"z[385,5]",1.0
"z[1292,5]",1.0
"z[1459,5]",1.0
"z[1740,5]",1.0
"z[1908,5]",1.0
"z[1998,5]",1.0
"z[2045,5]",1.0
"z[2098,5]",1.0
"z[2103,5]",1.0
"z[2201,5]",1.0
"z[2234,5]",1.0
"z[2242,5]",1.0
"z[2286,5]",1.0
"z[2307,5]",1.0
"z[2326,5]",1.0
"z[2389,5]",1.0
"z[2395,5]",1.0
"z[2440,5]",1.0
"z[2503,5]",1.0
"z[2506,5]",1.0
"z[2581,5]",1.0
"z[2615,5]",1.0
"z[2616,5]",1.0
"z[2619,5]",1.0
"z[2722,5]",1.0
"z[2890,5]",1.0
"z[2934,5]",1.0
"z[2971,5]",1.0
"z[3019,5]",1.0
"z[3020,5]",1.0
"z[3031,5]",1.0
"z[3065,5]",1.0
"z[3095,5]",1.0
"z[382,3]",1.0
"z[522,3]",1.0
"z[523,3]",1.0
"z[524,3]",1.0
"z[525,3]",1.0
"z[527,3]",1.0
"z[528,3]",1.0
"z[606,3]",1.0
"z[623,3]",1.0
"z[691,3]",1.0
"z[703,3]",1.0
"z[805,3]",1.0
"z[1068,3]",1.0
"z[1083,3]",1.0
"z[1134,3]",1.0
"z[1724,3]",1.0
"z[1797,3]",1.0
"z[1920,3]",1.0
"z[1938,3]",1.0
"z[398,2]",1.0
"z[416,2]",1.0
"z[513,2]",1.0
"z[605,2]",1.0
"z[620,2]",1.0
"z[640,2]",1.0
"z[887,2]",1.0
"z[1052,2]",1.0
"z[1086,2]",1.0
"z[2104,2]",1.0
"z[2918,2]",1.0
"z[3017,2]",1.0
"z[399,7]",1.0
"z[411,2]",1.0
"z[549,2]",1.0
"z[418,2]",1.0
"z[533,2]",1.0
"z[656,2]",1.0
"z[921,2]",1.0
"z[1062,2]",1.0
"z[1172,2]",1.0
"z[1181,2]",1.0
"z[1299,2]",1.0
"z[1320,2]",1.0
"z[1540,2]",1.0
"z[1581,2]",1.0
"z[1589,2]",1.0
"z[1711,2]",1.0
"z[1760,2]",1.0
"z[1761,2]",1.0
"z[1898,2]",1.0
"z[2452,2]",1.0
"z[2919,2]",1.0
"z[2920,2]",1.0
"z[2925,2]",1.0
"z[2928,2]",1.0
"z[433,8]",1.0
"z[1169,8]",1.0
"z[1485,8]",1.0
"z[1602,8]",1.0
"z[1893,8]",1.0
"z[1973,8]",1.0
"z[2142,8]",1.0
"z[2214,8]",1.0
"z[2370,8]",1.0
"z[2476,8]",1.0
"z[2570,8]",1.0
"z[2683,8]",1.0
"z[436,8]",1.0
"z[438,8]",1.0
"z[443,8]",1.0
"z[587,8]",1.0
"z[1153,8]",1.0
"z[1350,8]",1.0
"z[1569,8]",1.0
"z[1751,8]",1.0
"z[2033,8]",1.0
"z[2207,8]",1.0
"z[2216,8]",1.0
"z[2418,8]",1.0
"z[2475,8]",1.0
"z[439,9]",1.0
"z[827,9]",1.0
"z[979,9]",1.0
"z[998,9]",1.0
"z[1021,9]",1.0
"z[1070,9]",1.0
"z[1294,9]",1.0
"z[1582,9]",1.0
"z[1739,9]",1.0
"z[2081,9]",1.0
"z[2396,9]",1.0
"z[2624,9]",1.0
"z[2628,9]",1.0
"z[2709,9]",1.0
"z[2745,9]",1.0
"z[2989,9]",1.0
"z[3121,9]",1.0
"z[445,4]",1.0
"z[583,4]",1.0
"z[638,4]",1.0
"z[651,4]",1.0
"z[671,4]",1.0
"z[689,4]",1.0
"z[690,4]",1.0
"z[1113,4]",1.0
"z[1220,4]",1.0
"z[1618,4]",1.0
"z[2416,4]",1.0
"z[2963,4]",1.0
"z[477,2]",1.0
"z[677,2]",1.0
"z[837,2]",1.0
"z[903,2]",1.0
"z[1697,2]",1.0
"z[1982,2]",1.0
"z[3112,2]",1.0
"z[3120,2]",1.0
"z[503,3]",1.0
"z[517,8]",1.0
"z[856,8]",1.0
"z[924,8]",1.0
"z[925,8]",1.0
"z[1218,8]",1.0
"z[1334,8]",1.0
"z[1417,8]",1.0
"z[1421,8]",1.0
"z[1477,8]",1.0
"z[526,6]",1.0
"z[646,6]",1.0
"z[1047,6]",1.0
"z[1382,6]",1.0
"z[1408,6]",1.0
"z[1776,6]",1.0
"z[2070,6]",1.0
"z[2388,6]",1.0
"z[2783,6]",1.0
"z[2833,6]",1.0
"z[2926,6]",1.0
"z[2964,6]",1.0
"z[2983,6]",1.0
"z[531,2]",1.0
"z[1085,2]",1.0
"z[2185,2]",1.0
"z[546,6]",1.0
"z[649,6]",1.0
"z[696,6]",1.0
"z[709,6]",1.0
"z[1248,6]",1.0
"z[1715,6]",1.0
"z[1736,6]",1.0
"z[1742,6]",1.0
"z[1835,6]",1.0
"z[1836,6]",1.0
"z[2099,6]",1.0
"z[2188,6]",1.0
"z[2365,6]",1.0
"z[2369,6]",1.0
"z[2499,6]",1.0
"z[2514,6]",1.0
"z[2538,6]",1.0
"z[2572,6]",1.0
"z[2614,6]",1.0
"z[2684,6]",1.0
"z[2815,6]",1.0
"z[2857,6]",1.0
"z[2881,6]",1.0
"z[2960,6]",1.0
"z[3070,6]",1.0
"z[3098,6]",1.0
"z[559,6]",1.0
"z[631,6]",1.0
"z[725,6]",1.0
"z[931,6]",1.0
"z[993,6]",1.0
"z[1084,6]",1.0
"z[1170,6]",1.0
"z[1185,6]",1.0
"z[1259,6]",1.0
"z[1301,6]",1.0
"z[1353,6]",1.0
"z[1404,6]",1.0
"z[1428,6]",1.0
"z[1436,6]",1.0
"z[1619,6]",1.0
"z[2175,6]",1.0
"z[2191,6]",1.0
"z[2204,6]",1.0
"z[2241,6]",1.0
"z[2248,6]",1.0
"z[2252,6]",1.0
"z[2254,6]",1.0
"z[2292,6]",1.0
"z[2295,6]",1.0
"z[2304,6]",1.0
"z[2305,6]",1.0
"z[2309,6]",1.0
"z[2310,6]",1.0
"z[2312,6]",1.0
"z[2324,6]",1.0
"z[2330,6]",1.0
"z[2364,6]",1.0
"z[2372,6]",1.0
"z[2373,6]",1.0
"z[2376,6]",1.0
"z[2377,6]",1.0
"z[2380,6]",1.0
"z[2381,6]",1.0
"z[2385,6]",1.0
"z[2407,6]",1.0
"z[2436,6]",1.0
"z[2519,6]",1.0
"z[2539,6]",1.0
"z[2587,6]",1.0
"z[2666,6]",1.0
"z[2690,6]",1.0
"z[2720,6]",1.0
"z[2770,6]",1.0
"z[2787,6]",1.0
"z[2817,6]",1.0
"z[2840,6]",1.0
"z[2853,6]",1.0
"z[2861,6]",1.0
"z[2865,6]",1.0
"z[2884,6]",1.0
"z[2897,6]",1.0
"z[2907,6]",1.0
"z[2916,6]",1.0
"z[2932,6]",1.0
"z[2943,6]",1.0
"z[2951,6]",1.0
"z[2965,6]",1.0
"z[2992,6]",1.0
"z[3118,6]",1.0
"z[560,6]",1.0
"z[1820,6]",1.0
"z[2851,6]",1.0
"z[561,6]",1.0
"z[586,6]",1.0
"z[643,6]",1.0
"z[644,6]",1.0
"z[685,6]",1.0
"z[688,6]",1.0
"z[953,6]",1.0
"z[1081,6]",1.0
"z[1089,6]",1.0
"z[1102,6]",1.0
"z[1267,6]",1.0
"z[1315,6]",1.0
"z[1573,6]",1.0
"z[1585,6]",1.0
"z[1719,6]",1.0
"z[1722,6]",1.0
"z[1747,6]",1.0
"z[2004,6]",1.0
"z[2026,6]",1.0
"z[2030,6]",1.0
"z[2061,6]",1.0
"z[2097,6]",1.0
"z[2101,6]",1.0
"z[2108,6]",1.0
"z[2110,6]",1.0
"z[2146,6]",1.0
"z[2147,6]",1.0
"z[2149,6]",1.0
"z[2172,6]",1.0
"z[2192,6]",1.0
"z[2213,6]",1.0
"z[2296,6]",1.0
"z[2408,6]",1.0
"z[2444,6]",1.0
"z[2461,6]",1.0
"z[2469,6]",1.0
"z[2471,6]",1.0
"z[2492,6]",1.0
"z[2493,6]",1.0
"z[2497,6]",1.0
"z[2660,6]",1.0
"z[2789,6]",1.0
"z[2791,6]",1.0
"z[2799,6]",1.0
"z[2803,6]",1.0
"z[2809,6]",1.0
"z[2814,6]",1.0
"z[2882,6]",1.0
"z[2906,6]",1.0
"z[2969,6]",1.0
"z[2974,6]",1.0
"z[3025,6]",1.0
"z[3030,6]",1.0
"z[3036,6]",1.0
"z[3040,6]",1.0
"z[3043,6]",1.0
"z[3079,6]",1.0
"z[568,4]",1.0
"z[878,4]",1.0
"z[2591,4]",1.0
"z[2784,4]",1.0
"z[599,3]",1.0
"z[866,3]",1.0
"z[1442,3]",1.0
"z[1819,3]",1.0
"z[2125,3]",1.0
"z[2524,3]",1.0
"z[2993,3]",1.0
"z[602,2]",1.0
"z[824,2]",1.0
"z[955,2]",1.0
"z[2222,2]",1.0
"z[2938,2]",1.0
"z[625,3]",1.0
"z[635,5]",1.0
"z[868,5]",1.0
"z[982,5]",1.0
"z[1221,5]",1.0
"z[1779,5]",1.0
"z[1879,5]",1.0
"z[1901,5]",1.0
"z[1943,5]",1.0
"z[1944,5]",1.0
"z[1945,5]",1.0
"z[1946,5]",1.0
"z[2118,5]",1.0
"z[2123,5]",1.0
"z[2198,5]",1.0
"z[2494,5]",1.0
"z[2495,5]",1.0
"z[2795,5]",1.0
"z[2836,5]",1.0
"z[2904,5]",1.0
"z[3083,5]",1.0
"z[3091,5]",1.0
"z[670,5]",1.0
"z[2189,5]",1.0
"z[2781,5]",1.0
"z[2903,5]",1.0
"z[3100,5]",1.0
"z[672,3]",1.0
"z[1109,3]",1.0
"z[1114,3]",1.0
"z[1937,3]",1.0
"z[2350,3]",1.0
"z[673,3]",1.0
"z[1121,3]",1.0
"z[1365,3]",1.0
"z[1384,3]",1.0
"z[2563,3]",1.0
"z[2598,3]",1.0
"z[2603,3]",1.0
"z[676,6]",1.0
"z[692,5]",1.0
"z[1903,5]",1.0
"z[2238,5]",1.0
"z[2244,5]",1.0
"z[2317,5]",1.0
"z[2336,5]",1.0
"z[2356,5]",1.0
"z[2414,5]",1.0
"z[2486,5]",1.0
"z[2529,5]",1.0
"z[2553,5]",1.0
"z[2830,5]",1.0
"z[2848,5]",1.0
"z[2972,5]",1.0
"z[3006,5]",1.0
"z[3007,5]",1.0
"z[3124,5]",1.0
"z[706,5]",1.0
"z[1707,5]",1.0
"z[2193,5]",1.0
"z[737,3]",1.0
"z[744,2]",1.0
"z[761,2]",1.0
"z[791,2]",1.0
"z[749,9]",1.0
"z[1014,9]",1.0
"z[1110,9]",1.0
"z[2439,9]",1.0
"z[2464,9]",1.0
"z[2913,9]",1.0
"z[2981,9]",1.0
"z[3101,9]",1.0
"z[778,2]",1.0
"z[784,8]",1.0
"z[1422,8]",1.0
"z[1560,8]",1.0
"z[1565,8]",1.0
"z[1631,8]",1.0
"z[1822,8]",1.0
"z[1989,8]",1.0
"z[786,8]",1.0
"z[799,4]",1.0
"z[996,4]",1.0
"z[1269,4]",1.0
"z[1718,4]",1.0
"z[2335,4]",1.0
"z[2632,4]",1.0
"z[2759,4]",1.0
"z[820,3]",1.0
"z[853,9]",1.0
"z[1451,9]",1.0
"z[870,10]",1.0
"z[871,10]",1.0
"z[894,10]",1.0
"z[895,10]",1.0
"z[915,10]",1.0
"z[1139,10]",1.0
"z[1184,10]",1.0
"z[1368,10]",1.0
"z[1987,10]",1.0
"z[2496,10]",1.0
"z[2608,10]",1.0
"z[3094,10]",1.0
"z[930,1]",1.0
"z[1260,1]",1.0
"z[937,10]",1.0
"z[1000,10]",1.0
"z[1001,10]",1.0
"z[1330,10]",1.0
"z[1374,10]",1.0
"z[1780,10]",1.0
"z[2245,10]",1.0
"z[2622,10]",1.0
"z[939,1]",1.0
"z[943,1]",1.0
"z[1257,1]",1.0
"z[1686,1]",1.0
"z[944,9]",1.0
"z[1378,9]",1.0
"z[951,10]",1.0
"z[1333,10]",1.0
"z[1593,10]",1.0
"z[952,10]",1.0
"z[1028,10]",1.0
"z[1977,10]",1.0
"z[1995,10]",1.0
"z[2406,10]",1.0
"z[2613,10]",1.0
"z[2651,10]",1.0
"z[2823,10]",1.0
"z[2936,10]",1.0
"z[964,8]",1.0
"z[1403,8]",1.0
"z[2595,8]",1.0
"z[987,6]",1.0
"z[1851,6]",1.0
"z[995,1]",1.0
"z[1401,1]",1.0
"z[1614,1]",1.0
"z[1640,1]",1.0
"z[1010,8]",1.0
"z[1098,8]",1.0
"z[1732,8]",1.0
"z[1993,8]",1.0
"z[2040,8]",1.0
"z[2639,8]",1.0
"z[2785,8]",1.0
"z[1024,3]",1.0
"z[1929,3]",1.0
"z[2111,3]",1.0
"z[1026,2]",1.0
"z[1066,2]",1.0
"z[1140,2]",1.0
"z[1255,2]",1.0
"z[2454,2]",1.0
"z[1044,7]",1.0
"z[2124,7]",1.0
"z[2239,7]",1.0
"z[2556,7]",1.0
"z[2704,7]",1.0
"z[1057,8]",1.0
"z[1415,8]",1.0
"z[1496,8]",1.0
"z[1691,8]",1.0
"z[1731,8]",1.0
"z[2320,8]",1.0
"z[2596,8]",1.0
"z[2685,8]",1.0
"z[2703,8]",1.0
"z[2733,8]",1.0
"z[2822,8]",1.0
"z[2871,8]",1.0
"z[1065,3]",1.0
"z[1125,10]",1.0
"z[2221,10]",1.0
"z[1147,2]",1.0
"z[1165,2]",1.0
"z[1445,2]",1.0
"z[1934,2]",1.0
"z[1939,2]",1.0
"z[1948,2]",1.0
"z[1149,10]",1.0
"z[1151,10]",1.0
"z[1988,10]",1.0
"z[2272,10]",1.0
"z[2782,10]",1.0
"z[1160,9]",1.0
"z[1173,9]",1.0
"z[2634,9]",1.0
"z[2659,9]",1.0
"z[2982,9]",1.0
"z[3042,9]",1.0
"z[3064,9]",1.0
"z[1177,2]",1.0
"z[1231,2]",1.0
"z[1586,2]",1.0
"z[1775,2]",1.0
"z[1919,2]",1.0
"z[1187,5]",1.0
"z[1621,5]",1.0
"z[2054,5]",1.0
"z[2802,5]",1.0
"z[2902,5]",1.0
"z[3005,5]",1.0
"z[1219,9]",1.0
"z[2163,9]",1.0
"z[2504,9]",1.0
"z[1261,3]",1.0
"z[1708,3]",1.0
"z[1773,3]",1.0
"z[1271,2]",1.0
"z[1274,5]",1.0
"z[2236,5]",1.0
"z[2237,5]",1.0
"z[2302,5]",1.0
"z[2348,5]",1.0
"z[2384,5]",1.0
"z[2474,5]",1.0
"z[2688,5]",1.0
"z[2750,5]",1.0
"z[2762,5]",1.0
"z[2860,5]",1.0
"z[2877,5]",1.0
"z[2973,5]",1.0
"z[1317,3]",1.0
"z[2415,3]",1.0
"z[1383,2]",1.0
"z[1393,10]",1.0
"z[2443,10]",1.0
"z[1396,2]",1.0
"z[1440,4]",1.0
"z[3049,4]",1.0
"z[3092,4]",1.0
"z[1443,3]",1.0
"z[1457,10]",1.0
"z[1500,2]",1.0
"z[2429,2]",1.0
"z[1510,1]",1.0
"z[1600,1]",1.0
"z[1601,1]",1.0
"z[1641,1]",1.0
"z[1524,3]",1.0
"z[2382,3]",1.0
"z[1605,9]",1.0
"z[2927,9]",1.0
"z[1643,2]",1.0
"z[2484,2]",1.0
"z[2835,2]",1.0
"z[1659,3]",1.0
"z[1699,10]",1.0
"z[1706,5]",1.0
"z[2102,5]",1.0
"z[2315,5]",1.0
"z[2371,5]",1.0
"z[2631,5]",1.0
"z[3078,5]",1.0
"z[1709,7]",1.0
"z[1787,3]",1.0
"z[1796,7]",1.0
"z[1849,7]",1.0
"z[1816,8]",1.0
"z[2046,8]",1.0
"z[1837,2]",1.0
"z[1858,3]",1.0
"z[1990,3]",1.0
"z[2472,3]",1.0
"z[1883,8]",1.0
"z[2162,8]",1.0
"z[2626,8]",1.0
"z[1964,3]",1.0
"z[1966,10]",1.0
"z[1980,2]",1.0
"z[1981,5]",1.0
"z[2278,5]",1.0
"z[2501,5]",1.0
"z[2850,5]",1.0
"z[2859,5]",1.0
"z[2948,5]",1.0
"z[3046,5]",1.0
"z[3052,5]",1.0
"z[3061,5]",1.0
"z[3076,5]",1.0
"z[3096,5]",1.0
"z[2020,2]",1.0
"z[2072,1]",1.0
"z[2952,1]",1.0
"z[2121,7]",1.0
"z[2129,1]",1.0
"z[2181,10]",1.0
"z[2889,10]",1.0
"z[2225,7]",1.0
"z[2751,7]",1.0
"z[2253,4]",1.0
"z[2347,4]",1.0
"z[3060,4]",1.0
"z[3111,4]",1.0
"z[2328,6]",1.0
"z[2355,8]",1.0
"z[2402,8]",1.0
"z[2399,8]",1.0
"z[2401,2]",1.0
"z[2412,10]",1.0
"z[2468,2]",1.0
"z[2521,1]",1.0
"z[2540,8]",1.0
"z[2547,8]",1.0
"z[2606,10]",1.0
"z[2612,7]",1.0
"z[2883,7]",1.0
"z[2625,10]",1.0
"z[2942,10]",1.0
"z[3056,10]",1.0
"z[2636,8]",1.0
"z[2652,3]",1.0
"z[2664,5]",1.0
"z[2692,8]",1.0
"z[2735,7]",1.0
"z[2985,10]",1.0
"z[2997,9]",1.0
"z[3011,7]",1.0
"z[3097,7]",1.0
"z[3110,3]",1.0
